1	1	AR	2144	1	2172	5	1987	26	1751	+1	+31	+1	+31	+1	+12	0	ŌłÆ11	+5	+137	0	+29	1113	381	419	313	614	228	271	2122	1136
2	2	ES	2134	1	2189	7	1946	19	1805	ŌłÆ1	ŌłÆ38	ŌłÆ1	ŌłÆ38	ŌłÆ1	ŌłÆ23	0	+54	+5	+129	+2	+149	784	341	302	141	463	138	183	1599	699
3	3	FR	2090	1	2135	16	1795	40	1514	0	+28	0	+28	0	+35	0	+30	0	+4	+3	+123	942	475	341	126	477	270	195	1716	1276
4	4	EN	2028	1	2213	4	1983	17	1810	0	ŌłÆ14	0	ŌłÆ14	+2	+44	+4	+61	+4	+51	+3	+76	1164	509	524	131	686	215	263	2727	1120
5	5	BR	2009	1	2195	4	1998	20	1805	+1	+31	+1	+31	0	+8	+1	+3	ŌłÆ4	ŌłÆ158	0	+31	1070	373	346	351	674	172	224	2309	958
6	6	CO	2006	3	2069	48	1621	102	1304	ŌłÆ1	+8	ŌłÆ1	+8	+2	+56	ŌłÆ1	ŌłÆ15	+9	+114	+1	+54	652	185	229	238	269	205	178	851	743
7	7	PT	1988	2	2060	19	1797	41	1624	0	+12	0	+12	ŌłÆ3	ŌłÆ42	ŌłÆ3	ŌłÆ43	ŌłÆ2	ŌłÆ35	+5	+90	698	322	262	114	349	189	160	1232	782
8	8	NL	1972	1	2153	15	1848	55	1552	0	+13	0	+13	ŌłÆ1	ŌłÆ3	+2	+13	+1	ŌłÆ4	+1	+48	904	430	358	116	466	240	198	1900	1147
9	9	DE	1954	1	2223	8	1911	25	1637	+3	+44	+3	+44	+1	+41	+2	+16	+1	+16	ŌłÆ7	ŌłÆ87	1049	470	416	163	608	224	217	2367	1235
10	10	NO	1951	6	1951	38	1623	85	1364	+1	+29	+1	+29	+4	+85	+26	+217	+26	+213	+42	+316	889	425	409	55	337	354	198	1384	1444
11	11	JP	1925	9	1925	61	1467	114	1126	+5	+47	+5	+47	+5	+68	+4	+68	+19	+154	+16	+171	838	332	207	299	410	257	171	1524	987
12	12	CH	1914	9	1933	27	1689	56	1485	+1	+17	+1	+17	+7	+70	+4	+63	+2	+21	+8	+112	899	426	392	81	321	373	205	1345	1487
13	13	MX	1912	4	1985	20	1783	48	1498	+7	+56	+8	+78	+12	+101	+7	+106	+3	+31	ŌłÆ2	+5	1032	300	273	459	538	257	237	1835	1054
14	14	HR	1896	4	2015	12	1881	28	1780	ŌłÆ5	ŌłÆ37	ŌłÆ5	ŌłÆ37	ŌłÆ5	ŌłÆ31	ŌłÆ1	ŌłÆ19	+4	+49	+2	+47	402	158	167	77	211	85	106	699	408
15	15	MA	1877	11	1923	43	1657	86	1510	+9	+71	+4	+21	+9	+65	+13	+104	+26	+196	+47	+302	733	319	219	195	367	165	201	1114	618
16	16	DK	1869	1	2074	20	1799	59	1541	+2	+4	+1	+4	ŌłÆ1	+4	+2	+35	ŌłÆ5	ŌłÆ56	+14	+125	905	414	396	95	420	298	187	1652	1221
16	16	IT	1869	1	2134	8	1915	23	1607	+3	+10	+2	+10	ŌłÆ3	ŌłÆ13	ŌłÆ4	ŌłÆ67	ŌłÆ12	ŌłÆ183	ŌłÆ3	ŌłÆ25	903	407	325	171	481	177	245	1581	894
16	16	BE	1869	1	2157	24	1755	70	1503	+5	+19	+4	+19	+1	+22	ŌłÆ7	ŌłÆ92	ŌłÆ14	ŌłÆ271	ŌłÆ6	ŌłÆ52	880	416	376	88	392	302	186	1607	1360
19	19	EC	1864	9	1938	64	1526	121	1183	ŌłÆ10	ŌłÆ69	ŌłÆ10	ŌłÆ69	ŌłÆ8	ŌłÆ41	ŌłÆ2	+23	+9	+84	ŌłÆ4	+5	602	183	211	208	185	255	162	724	905
20	20	UY	1851	1	2104	12	1876	44	1636	ŌłÆ6	ŌłÆ39	ŌłÆ6	ŌłÆ39	ŌłÆ8	ŌłÆ50	ŌłÆ13	ŌłÆ152	ŌłÆ8	ŌłÆ68	ŌłÆ7	ŌłÆ43	1021	336	432	253	446	321	254	1613	1257
21	21	AT	1841	1	2070	20	1810	73	1549	+2	+23	+2	+23	ŌłÆ3	ŌłÆ4	ŌłÆ7	ŌłÆ69	+5	+55	+19	+128	868	432	383	53	372	311	185	1564	1324
22	22	US	1820	9	1890	41	1642	93	1410	+12	+73	+12	+73	+18	+99	0	+20	+2	+23	+3	+56	829	491	253	85	369	287	173	1256	1078
23	23	SN	1817	17	1879	56	1591	107	1386	ŌłÆ6	ŌłÆ53	+1	+8	+6	+32	+6	+50	+15	+87	+22	+143	708	221	260	227	319	195	194	972	678
24	24	PY	1816	5	1956	23	1755	51	1619	ŌłÆ2	ŌłÆ17	ŌłÆ2	ŌłÆ17	ŌłÆ1	ŌłÆ9	+17	+112	ŌłÆ5	ŌłÆ10	+10	+91	791	215	366	210	278	304	209	1008	1119
25	25	TR	1813	9	1911	43	1610	77	1358	ŌłÆ10	ŌłÆ68	ŌłÆ10	ŌłÆ68	ŌłÆ3	ŌłÆ23	+5	+53	+13	+83	ŌłÆ6	ŌłÆ2	672	290	300	82	264	252	156	950	973
26	26	AU	1799	11	1875	35	1671	77	1469	+4	+26	+4	+26	+5	+24	+1	+24	+9	+60	+16	+92	640	272	224	144	327	182	131	1293	723
27	27	DZ	1780	18	1807	48	1621	110	1386	+13	+52	+9	+45	+17	+76	+24	+139	+5	+18	+20	+124	692	261	234	197	312	197	183	1059	707
27	27	UA	1780	14	1873	31	1745	66	1561	ŌłÆ1	ŌłÆ22	ŌłÆ2	ŌłÆ22	0	ŌłÆ19	ŌłÆ7	ŌłÆ26	ŌłÆ2	ŌłÆ7	+5	+42	340	134	146	60	154	91	95	478	358
29	29	RU	1772	1	2083	24	1742	50	1449	0	ŌłÆ10	0	ŌłÆ10	ŌłÆ1	ŌłÆ21	ŌłÆ4	ŌłÆ9	+8	+41	+14	+80	815	313	383	119	432	174	209	1482	779
30	30	NG	1767	16	1826	38	1669	74	1500	+5	+28	+29	+140	+38	+191	+33	+181	+13	+97	+24	+142	717	241	264	212	332	180	205	1081	725
31	31	IR	1766	13	1853	40	1658	79	1450	+2	+11	+2	+11	ŌłÆ5	ŌłÆ35	ŌłÆ12	ŌłÆ42	ŌłÆ10	ŌłÆ38	ŌłÆ1	+22	672	223	195	254	384	132	156	1277	527
32	32	CA	1748	21	1841	49	1599	90	1471	ŌłÆ7	ŌłÆ57	ŌłÆ7	ŌłÆ54	ŌłÆ2	ŌłÆ36	+1	+7	+10	+74	+46	+227	493	157	200	136	191	186	116	637	627
33	33	SQ	1745	1	2104	14	1879	63	1598	ŌłÆ6	ŌłÆ45	ŌłÆ6	ŌłÆ45	+8	+28	+3	+11	+16	+116	+8	+35	871	403	412	56	413	270	188	1500	1080
34	34	GR	1744	7	1931	49	1559	91	1273	ŌłÆ2	ŌłÆ17	ŌłÆ2	ŌłÆ17	ŌłÆ14	ŌłÆ94	+1	+6	+11	+84	+21	+129	658	299	296	63	251	250	157	835	909
35	35	EG	1740	12	1873	37	1662	70	1528	+19	+81	+26	+132	+15	+74	+19	+107	+25	+142	+16	+101	887	354	281	252	448	217	222	1550	925
36	36	RS	1734	2	2018	20	1787	46	1515	ŌłÆ5	ŌłÆ34	ŌłÆ5	ŌłÆ34	ŌłÆ15	ŌłÆ103	ŌłÆ12	ŌłÆ54	ŌłÆ9	ŌłÆ51	ŌłÆ2	+9	863	302	425	136	404	267	192	1623	1182
37	37	VE	1733	18	1830	84	1433	122	1218	+5	+18	+4	+18	0	ŌłÆ12	ŌłÆ11	ŌłÆ45	ŌłÆ8	ŌłÆ40	+7	+48	483	179	179	125	130	246	107	524	874
38	38	CI	1728	15	1863	45	1640	76	1476	+20	+91	+22	+110	+26	+141	+21	+105	+9	+85	ŌłÆ2	+4	695	241	238	216	350	167	178	1134	698
39	39	SE	1727	2	2013	17	1795	54	1579	+14	+67	+13	+67	ŌłÆ5	ŌłÆ33	+8	+53	ŌłÆ26	ŌłÆ169	ŌłÆ6	ŌłÆ6	1122	490	500	132	550	337	235	2235	1493
40	40	KR	1723	16	1845	35	1687	84	1445	ŌłÆ12	ŌłÆ61	ŌłÆ12	ŌłÆ61	ŌłÆ7	ŌłÆ47	ŌłÆ6	ŌłÆ17	ŌłÆ9	ŌłÆ41	ŌłÆ19	ŌłÆ74	1055	353	256	446	574	223	258	1915	967
41	41	CL	1717	2	2040	28	1678	59	1384	ŌłÆ3	ŌłÆ14	ŌłÆ2	ŌłÆ14	+5	+28	ŌłÆ2	ŌłÆ5	ŌłÆ19	ŌłÆ81	ŌłÆ38	ŌłÆ317	854	328	308	218	319	347	188	1197	1219
42	42	KO	1714	37	1737	102	1420	119	1363	+2	+1	+1	+1	+17	+105	+39	+209	+45	+232	+68	+315	109	49	40	20	43	43	23	156	147
43	43	HU	1710	1	2234	20	1835	74	1529	+3	+12	+2	+12	+2	+9	ŌłÆ21	ŌłÆ90	ŌłÆ9	ŌłÆ44	ŌłÆ14	ŌłÆ38	1035	469	492	74	489	324	222	2074	1527
43	43	PL	1710	2	2084	30	1712	63	1521	ŌłÆ7	ŌłÆ25	ŌłÆ7	ŌłÆ25	+5	+28	ŌłÆ5	ŌłÆ19	ŌłÆ10	ŌłÆ51	ŌłÆ25	ŌłÆ107	921	397	410	114	400	296	225	1564	1243
45	45	PE	1699	10	1916	34	1679	76	1485	0	ŌłÆ8	ŌłÆ1	ŌłÆ8	ŌłÆ7	ŌłÆ44	ŌłÆ5	ŌłÆ16	ŌłÆ25	ŌłÆ113	ŌłÆ28	ŌłÆ142	710	266	253	191	229	305	176	860	991
45	45	IE	1699	4	1918	24	1626	64	1237	+4	+11	+3	+11	+9	+66	+15	+80	+8	+77	ŌłÆ21	ŌłÆ68	743	378	305	60	262	287	194	979	1161
47	47	WA	1682	3	1909	22	1671	85	1403	ŌłÆ5	ŌłÆ33	ŌłÆ6	ŌłÆ33	ŌłÆ8	ŌłÆ44	ŌłÆ2	ŌłÆ1	ŌłÆ30	ŌłÆ178	ŌłÆ19	ŌłÆ68	735	346	357	32	236	332	167	919	1176
47	47	SI	1682	26	1777	54	1625	77	1518	0	ŌłÆ13	ŌłÆ1	ŌłÆ13	ŌłÆ12	ŌłÆ70	ŌłÆ16	ŌłÆ76	+8	+65	+9	+69	321	145	146	30	116	118	87	401	381
49	49	CZ	1680	1	2032	13	1854	49	1669	ŌłÆ11	ŌłÆ51	ŌłÆ10	ŌłÆ51	ŌłÆ13	ŌłÆ69	ŌłÆ17	ŌłÆ77	ŌłÆ27	ŌłÆ118	ŌłÆ11	ŌłÆ37	887	361	417	109	426	263	198	1631	1105
50	50	UZ	1677	25	1766	59	1597	93	1428	ŌłÆ10	ŌłÆ51	ŌłÆ14	ŌłÆ58	ŌłÆ7	ŌłÆ30	ŌłÆ4	ŌłÆ4	+21	+127	ŌłÆ2	+27	369	130	129	110	180	114	75	637	410
51	51	PA	1668	27	1773	99	1362	143	1154	ŌłÆ14	ŌłÆ65	ŌłÆ16	ŌłÆ74	ŌłÆ19	ŌłÆ105	ŌłÆ7	ŌłÆ17	+19	+115	ŌłÆ5	ŌłÆ2	596	201	228	167	197	254	145	743	917
52	52	SK	1667	17	1775	40	1682	67	1567	ŌłÆ2	ŌłÆ20	ŌłÆ3	ŌłÆ20	ŌłÆ1	+2	ŌłÆ9	ŌłÆ26	ŌłÆ9	ŌłÆ3	ŌłÆ29	ŌłÆ106	368	158	166	44	150	131	87	521	460
53	53	CD	1666	20	1782	62	1557	114	1387	+4	+26	+3	+31	+13	+83	+18	+113	+35	+190	+22	+134	551	166	225	160	226	173	152	837	645
54	54	GE	1654	31	1755	70	1553	104	1434	+1	+4	0	+4	ŌłÆ12	ŌłÆ57	ŌłÆ4	+8	+20	+127	+33	+169	321	141	148	32	107	146	68	415	444
55	55	IL	1647	23	1776	49	1621	83	1428	+5	+16	+3	+16	0	+18	+12	+80	+3	+41	+10	+79	524	249	213	62	197	207	120	804	764
56	56	RO	1639	5	1945	29	1717	65	1501	0	ŌłÆ3	ŌłÆ1	ŌłÆ3	ŌłÆ7	ŌłÆ42	ŌłÆ14	ŌłÆ59	ŌłÆ7	+10	ŌłÆ19	ŌłÆ79	802	333	377	92	355	247	200	1306	1020
57	57	JO	1632	41	1701	111	1324	153	1095	ŌłÆ9	ŌłÆ57	ŌłÆ10	ŌłÆ57	0	+8	ŌłÆ4	ŌłÆ3	+32	+162	+17	+97	587	201	193	193	207	222	158	732	722
58	58	CV	1625	58	1625	120	1302	146	1172	+14	+64	+15	+64	+19	+107	+11	+65	+36	+187	+26	+123	255	80	91	84	96	97	62	275	280
59	59	BA	1622	20	1806	53	1626	90	1469	+10	+50	+10	+50	+16	+99	+30	+146	ŌłÆ8	ŌłÆ6	ŌłÆ33	ŌłÆ139	284	118	137	29	105	112	67	399	392
60	60	BO	1621	21	1798	60	1509	93	1244	ŌłÆ8	ŌłÆ40	ŌłÆ10	ŌłÆ45	ŌłÆ8	ŌłÆ43	+6	+41	+2	+34	+4	+48	538	189	205	144	122	295	121	551	1060
61	61	AL	1616	38	1675	72	1504	116	1363	ŌłÆ10	ŌłÆ48	ŌłÆ10	ŌłÆ48	ŌłÆ5	ŌłÆ11	ŌłÆ5	ŌłÆ14	+8	+60	ŌłÆ8	ŌłÆ17	410	192	185	33	116	209	85	396	604
62	62	CM	1614	14	1849	53	1604	80	1442	0	+8	+6	+36	+1	+21	+3	+30	+4	+49	ŌłÆ6	+1	661	184	247	230	287	172	202	952	712
63	63	CR	1608	9	1866	36	1689	76	1479	ŌłÆ4	ŌłÆ24	ŌłÆ6	ŌłÆ24	ŌłÆ16	ŌłÆ75	ŌłÆ11	ŌłÆ32	ŌłÆ11	ŌłÆ18	ŌłÆ41	ŌłÆ178	791	259	282	250	356	244	191	1369	922
64	64	EI	1605	13	1853	40	1655	110	1397	ŌłÆ1	+3	ŌłÆ2	+3	+5	+44	+13	+88	+1	+39	ŌłÆ15	ŌłÆ37	612	276	298	38	172	290	150	645	928
65	65	SA	1593	29	1736	76	1499	125	1253	ŌłÆ1	+1	ŌłÆ1	+1	0	+9	ŌłÆ3	+5	ŌłÆ8	ŌłÆ14	+11	+66	841	324	151	366	396	248	197	1284	901
66	66	NM	1589	40	1667	74	1534	110	1401	ŌłÆ2	ŌłÆ3	ŌłÆ2	ŌłÆ3	ŌłÆ13	ŌłÆ45	+8	+43	+2	+26	+36	+159	305	141	134	30	95	131	79	364	411
67	67	ML	1588	42	1650	70	1523	129	1302	ŌłÆ1	ŌłÆ1	ŌłÆ4	ŌłÆ8	ŌłÆ5	ŌłÆ13	ŌłÆ6	ŌłÆ12	+6	+47	+1	+31	625	195	234	196	249	206	170	824	718
68	68	IQ	1586	23	1740	47	1622	96	1456	0	+4	ŌłÆ1	+4	+3	+36	ŌłÆ19	ŌłÆ77	ŌłÆ15	ŌłÆ36	+14	+82	764	139	232	393	360	192	212	1205	717
69	69	GH	1584	10	1877	42	1650	101	1424	+11	+75	+11	+75	+16	+107	+6	+46	ŌłÆ8	ŌłÆ13	ŌłÆ19	ŌłÆ56	781	247	298	236	371	213	197	1249	823
70	70	ZA	1575	7	1847	32	1707	99	1448	+8	+47	+4	+17	+5	+52	ŌłÆ6	ŌłÆ10	+15	+90	ŌłÆ12	ŌłÆ31	529	276	162	91	232	142	155	722	546
71	71	TN	1570	24	1757	47	1616	87	1438	ŌłÆ10	ŌłÆ44	ŌłÆ19	ŌłÆ90	ŌłÆ13	ŌłÆ43	ŌłÆ23	ŌłÆ101	ŌłÆ23	ŌłÆ67	0	+19	779	337	253	189	330	233	216	1106	854
71	71	HN	1570	23	1789	63	1500	110	1330	ŌłÆ1	+3	ŌłÆ1	+3	ŌłÆ5	ŌłÆ13	+8	+60	ŌłÆ13	ŌłÆ36	+6	+45	668	212	217	239	263	232	173	964	859
73	73	IS	1568	18	1841	81	1425	127	1258	ŌłÆ2	+6	ŌłÆ2	+2	ŌłÆ2	+18	ŌłÆ5	+7	ŌłÆ17	ŌłÆ44	ŌłÆ34	ŌłÆ146	527	216	251	60	160	263	104	635	885
74	74	NZ	1549	29	1642	66	1500	102	1334	ŌłÆ7	ŌłÆ36	ŌłÆ8	ŌłÆ36	ŌłÆ13	ŌłÆ53	ŌłÆ1	ŌłÆ1	+11	+64	ŌłÆ2	+8	443	135	189	119	181	182	80	770	655
75	75	AO	1542	52	1629	86	1456	161	1213	ŌłÆ2	ŌłÆ1	0	ŌłÆ8	ŌłÆ15	ŌłÆ65	+5	+33	+38	+174	+82	+324	475	166	184	125	176	140	159	579	490
76	76	AE	1540	37	1692	98	1396	163	981	0	0	+1	0	ŌłÆ2	+3	+6	+38	+6	+49	ŌłÆ15	ŌłÆ43	674	287	141	246	263	238	173	933	831
77	77	FI	1536	14	1757	63	1500	120	1246	+3	+27	+3	+27	ŌłÆ7	ŌłÆ20	ŌłÆ20	ŌłÆ91	ŌłÆ37	ŌłÆ169	ŌłÆ15	ŌłÆ39	825	337	430	58	217	441	167	972	1699
78	78	BF	1529	56	1617	98	1402	137	1265	ŌłÆ1	ŌłÆ5	ŌłÆ6	ŌłÆ36	+3	+27	+9	+46	ŌłÆ6	ŌłÆ16	+17	+69	493	154	188	151	170	192	131	614	677
79	79	JM	1527	38	1700	83	1413	133	1221	ŌłÆ5	ŌłÆ15	0	ŌłÆ1	ŌłÆ6	ŌłÆ19	ŌłÆ21	ŌłÆ99	ŌłÆ15	ŌłÆ52	ŌłÆ9	ŌłÆ26	719	272	268	179	280	272	167	961	942
80	80	BY	1522	44	1666	80	1505	120	1349	+2	+26	+2	+26	+3	+30	+17	+89	+2	+31	ŌłÆ21	ŌłÆ62	308	105	158	45	91	137	80	348	445
81	81	HT	1517	36	1673	81	1418	129	1265	ŌłÆ7	ŌłÆ25	ŌłÆ5	ŌłÆ25	+5	+50	+2	+16	ŌłÆ6	ŌłÆ1	+9	+41	566	181	196	189	247	201	118	964	769
82	82	GT	1505	30	1642	68	1486	108	1382	ŌłÆ3	ŌłÆ21	ŌłÆ4	ŌłÆ24	ŌłÆ5	ŌłÆ13	+4	+19	ŌłÆ4	+1	+4	+15	628	205	180	243	225	237	166	878	858
83	83	OM	1480	53	1634	127	1212	181	782	0	ŌłÆ11	0	ŌłÆ11	ŌłÆ2	ŌłÆ22	ŌłÆ7	ŌłÆ52	ŌłÆ5	ŌłÆ24	+8	+9	594	230	145	219	223	219	152	757	784
84	84	SY	1479	53	1618	86	1428	124	1253	0	ŌłÆ7	0	ŌłÆ7	+9	+36	+16	+60	+7	+30	ŌłÆ3	ŌłÆ35	598	125	224	249	223	227	148	859	760
85	85	PS	1465	66	1483	121	1255	159	1155	+1	ŌłÆ4	+1	ŌłÆ4	+2	+5	+17	+57	+7	+17	+31	+113	292	19	113	160	84	128	80	370	446
86	86	GN	1463	21	1771	72	1516	128	1302	ŌłÆ1	ŌłÆ22	ŌłÆ1	ŌłÆ22	+5	+12	+2	ŌłÆ19	+9	+26	ŌłÆ6	ŌłÆ57	646	172	263	211	251	211	184	953	804
87	87	ME	1461	34	1720	60	1596	94	1440	+2	+17	+3	+17	ŌłÆ7	ŌłÆ53	ŌłÆ17	ŌłÆ93	ŌłÆ11	ŌłÆ56	ŌłÆ18	ŌłÆ95	174	91	78	5	58	73	43	205	239
88	88	BG	1458	7	1911	41	1633	98	1312	0	+5	0	+5	+2	+6	ŌłÆ3	ŌłÆ30	ŌłÆ7	ŌłÆ41	ŌłÆ29	ŌłÆ126	781	299	400	82	286	300	195	1094	1152
89	89	CW	1453	26	1618	97	1381	188	1011	ŌłÆ2	ŌłÆ13	ŌłÆ2	ŌłÆ13	+14	+57	+30	+100	+10	+28	+80	+287	502	174	177	151	202	175	125	885	778
90	90	LU	1450	24	1520	108	1256	191	979	+13	+55	+15	+55	ŌłÆ1	ŌłÆ5	ŌłÆ12	ŌłÆ61	+17	+64	+57	+211	474	258	201	15	55	357	62	309	1224
91	91	NS	1442	64	1486	87	1450	105	1426	ŌłÆ1	0	0	0	+3	0	+3	0	+2	0	+9	+1	16	5	3	8	8	6	2	28	22
92	92	SR	1431	26	1592	84	1404	170	1160	ŌłÆ1	ŌłÆ9	0	ŌłÆ9	+15	+45	+43	+113	+32	+94	+70	+222	542	230	222	90	238	175	129	984	739
93	93	KZ	1428	48	1622	100	1420	130	1307	+3	+7	+8	+18	+8	+26	ŌłÆ1	ŌłÆ26	+29	+81	+14	+9	272	103	123	46	70	143	59	285	454
94	94	CN	1424	17	1752	50	1577	112	1376	+4	+14	+9	+21	+6	+21	+11	+25	ŌłÆ17	ŌłÆ81	ŌłÆ29	ŌłÆ144	764	272	265	227	369	231	164	1422	862
94	94	KD	1424	94	1424	100	1424	108	1403	0	0	+1	0	+3	0	+5	0	+6	0	+10	0	4	2	0	2	3	0	1	12	3
96	96	LY	1420	43	1617	82	1469	128	1321	ŌłÆ4	ŌłÆ5	ŌłÆ3	ŌłÆ5	+13	+35	+8	+18	+31	+93	ŌłÆ7	ŌłÆ58	458	164	166	128	165	185	108	620	611
97	97	GM	1419	88	1454	118	1309	144	1190	ŌłÆ3	ŌłÆ5	ŌłÆ2	ŌłÆ5	+10	+33	+25	+72	+14	+48	+42	+138	299	108	100	91	81	136	82	319	433
98	98	BH	1414	51	1634	109	1349	155	1075	ŌłÆ1	ŌłÆ4	+1	ŌłÆ4	ŌłÆ6	ŌłÆ35	ŌłÆ7	ŌłÆ41	ŌłÆ32	ŌłÆ151	+5	ŌłÆ13	637	218	159	260	223	248	166	780	826
99	99	QA	1411	26	1771	93	1416	164	963	ŌłÆ7	ŌłÆ14	ŌłÆ6	ŌłÆ14	ŌłÆ20	ŌłÆ106	ŌłÆ44	ŌłÆ220	ŌłÆ53	ŌłÆ243	ŌłÆ26	ŌłÆ127	702	328	148	226	289	235	178	995	836
100	100	BJ	1405	57	1540	109	1356	168	1130	ŌłÆ2	ŌłÆ5	ŌłÆ2	ŌłÆ16	ŌłÆ2	ŌłÆ2	+6	+8	ŌłÆ4	ŌłÆ26	+9	ŌłÆ1	354	129	142	83	87	182	85	366	623
101	101	GA	1401	59	1593	95	1413	126	1268	ŌłÆ1	ŌłÆ4	ŌłÆ12	ŌłÆ47	ŌłÆ14	ŌłÆ59	ŌłÆ5	ŌłÆ34	ŌłÆ5	ŌłÆ30	ŌłÆ4	ŌłÆ45	462	184	154	124	159	174	129	551	567
102	102	UG	1394	29	1625	75	1482	130	1306	+2	0	ŌłÆ2	ŌłÆ22	+9	+13	+14	+33	ŌłÆ12	ŌłÆ56	ŌłÆ17	ŌłÆ106	736	251	257	228	304	238	194	1108	887
103	103	TT	1386	11	1661	61	1505	125	1313	ŌłÆ1	ŌłÆ13	0	ŌłÆ17	ŌłÆ5	ŌłÆ21	ŌłÆ2	ŌłÆ27	+15	+27	ŌłÆ38	ŌłÆ182	872	344	365	163	375	304	193	1446	1130
103	103	FO	1386	61	1386	122	1252	169	1154	+4	+5	+4	+5	+44	+111	+51	+140	+41	+124	+47	+154	283	119	141	23	51	195	37	213	641
105	105	NE	1382	98	1409	133	1239	159	1082	ŌłÆ4	ŌłÆ22	ŌłÆ3	ŌłÆ22	+20	+45	+50	+144	+44	+152	+38	+119	292	100	117	75	65	158	69	287	517
106	106	MG	1380	68	1508	104	1366	167	1162	+6	+12	+5	+12	+38	+96	+23	+54	+7	+12	+43	+144	357	120	121	116	136	143	78	494	536
106	106	GQ	1380	61	1604	151	1159	189	1007	ŌłÆ1	ŌłÆ11	ŌłÆ9	ŌłÆ42	ŌłÆ22	ŌłÆ100	ŌłÆ34	ŌłÆ171	+14	+28	+17	+53	196	80	64	52	56	96	44	182	288
108	108	TG	1379	48	1603	89	1439	144	1263	+11	+36	+11	+36	+8	+8	+6	+9	+28	+91	0	ŌłÆ28	495	179	198	118	158	210	127	539	675
109	109	TH	1376	67	1547	112	1318	140	1125	+3	+8	+2	+8	+13	+25	ŌłÆ11	ŌłÆ52	+25	+85	ŌłÆ8	ŌłÆ61	935	389	200	346	366	358	211	1487	1408
110	110	KP	1375	17	1801	63	1566	131	1315	ŌłÆ2	0	ŌłÆ2	0	+4	0	ŌłÆ4	ŌłÆ22	ŌłÆ2	ŌłÆ3	ŌłÆ28	ŌłÆ129	417	50	149	218	175	127	115	641	447
111	111	KM	1374	95	1434	186	942	206	830	ŌłÆ3	ŌłÆ1	+3	+16	ŌłÆ15	ŌłÆ52	+26	+70	+45	+158	+79	+407	159	29	35	95	41	81	37	145	246
112	112	AM	1373	62	1588	102	1418	143	1243	ŌłÆ6	ŌłÆ16	ŌłÆ6	ŌłÆ16	ŌłÆ6	ŌłÆ14	ŌłÆ22	ŌłÆ88	ŌłÆ49	ŌłÆ210	ŌłÆ34	ŌłÆ148	283	115	132	36	66	158	59	283	539
113	113	ZW	1372	43	1574	78	1462	146	1278	+7	+30	+7	+30	ŌłÆ11	ŌłÆ26	+32	+94	ŌłÆ9	ŌłÆ28	ŌłÆ3	ŌłÆ27	552	190	223	139	207	184	161	738	663
113	113	ID	1372	39	1578	101	1361	179	1103	+8	+31	+9	+31	+7	+15	+13	+39	+66	+269	+48	+161	784	252	192	340	299	332	153	1317	1269
115	115	ZM	1371	31	1709	60	1551	124	1344	ŌłÆ4	0	ŌłÆ7	ŌłÆ4	ŌłÆ5	ŌłÆ13	ŌłÆ22	ŌłÆ76	ŌłÆ33	ŌłÆ120	ŌłÆ17	ŌłÆ73	879	282	360	237	393	261	225	1389	954
116	116	KE	1363	53	1563	90	1379	140	1240	+1	+19	0	+19	ŌłÆ3	ŌłÆ13	ŌłÆ13	ŌłÆ44	ŌłÆ10	ŌłÆ24	+4	+23	781	291	283	207	294	293	194	1078	1062
117	117	EE	1360	32	1541	94	1353	174	1088	ŌłÆ3	+1	ŌłÆ4	+1	0	ŌłÆ6	ŌłÆ3	ŌłÆ10	ŌłÆ15	ŌłÆ44	ŌłÆ25	ŌłÆ107	541	231	255	55	134	287	120	533	962
118	118	VN	1351	62	1518	120	1298	177	1092	+9	+22	+8	+22	+13	+30	+30	+79	ŌłÆ17	ŌłÆ70	+27	+95	525	174	131	220	222	200	103	922	771
119	119	SD	1350	23	1707	90	1444	155	1226	ŌłÆ4	0	ŌłÆ3	+6	ŌłÆ16	ŌłÆ46	ŌłÆ13	ŌłÆ47	ŌłÆ16	ŌłÆ51	+16	+61	553	154	204	195	187	225	141	628	730
120	120	RE	1345	72	1395	125	1184	159	1047	ŌłÆ4	0	ŌłÆ5	0	+3	0	+3	0	ŌłÆ8	ŌłÆ24	ŌłÆ7	ŌłÆ36	139	53	38	48	55	55	29	237	252
121	121	SV	1342	32	1607	72	1471	130	1322	+9	+18	+8	+18	ŌłÆ2	ŌłÆ20	ŌłÆ11	ŌłÆ46	ŌłÆ41	ŌłÆ160	ŌłÆ16	ŌłÆ79	687	210	209	268	227	306	154	863	1023
121	121	MZ	1342	83	1495	116	1332	152	1210	ŌłÆ11	ŌłÆ30	ŌłÆ11	ŌłÆ27	ŌłÆ26	ŌłÆ90	ŌłÆ12	ŌłÆ51	+18	+71	+4	+19	444	166	177	101	139	194	111	466	585
123	123	SL	1341	65	1552	104	1368	158	1185	ŌłÆ6	ŌłÆ3	ŌłÆ7	ŌłÆ3	+6	+16	+9	+20	0	ŌłÆ5	ŌłÆ6	ŌłÆ10	337	116	141	80	98	150	89	331	474
124	124	GP	1338	50	1530	91	1408	166	1179	0	0	0	0	0	0	+5	+12	+28	+113	+16	+60	293	92	89	112	128	114	51	507	410
125	125	RW	1336	96	1461	144	1207	176	1035	+9	+28	+12	+28	+7	+16	0	+1	+4	+11	+9	+45	290	107	100	83	90	126	74	298	364
126	126	NI	1333	65	1373	146	1031	197	900	+2	+5	+1	+5	+3	+8	ŌłÆ6	ŌłÆ16	+24	+104	+18	+72	253	63	100	90	54	167	32	258	621
127	127	KW	1332	27	1734	83	1468	143	1178	+1	+4	0	+4	+13	+42	+1	+4	ŌłÆ18	ŌłÆ43	ŌłÆ34	ŌłÆ134	762	269	176	317	321	248	193	1198	880
128	128	MR	1329	98	1424	155	1116	181	911	+5	+18	+7	+18	ŌłÆ2	ŌłÆ4	ŌłÆ5	ŌłÆ16	ŌłÆ23	ŌłÆ68	+8	+41	300	91	103	106	56	173	71	217	527
129	129	AZ	1322	63	1551	107	1397	143	1257	ŌłÆ6	ŌłÆ17	ŌłÆ6	ŌłÆ17	ŌłÆ11	ŌłÆ43	ŌłÆ45	ŌłÆ169	ŌłÆ20	ŌłÆ53	ŌłÆ17	ŌłÆ67	324	116	152	56	67	176	81	265	545
130	130	ZN	1320	102	1366	145	1119	168	936	+1	0	0	0	+2	0	+4	0	0	ŌłÆ2	+7	+35	217	37	45	135	39	131	47	186	458
131	131	CY	1314	63	1575	102	1377	141	1249	+5	+12	+7	+12	+5	+15	+5	ŌłÆ1	ŌłÆ16	ŌłÆ51	ŌłÆ25	ŌłÆ106	429	237	186	6	84	271	74	387	932
132	132	TZ	1313	65	1510	117	1295	169	1130	ŌłÆ10	ŌłÆ27	ŌłÆ1	ŌłÆ4	ŌłÆ29	ŌłÆ83	ŌłÆ20	ŌłÆ64	0	+6	ŌłÆ8	ŌłÆ12	658	244	237	177	193	280	185	752	963
133	133	MQ	1312	39	1565	79	1458	133	1312	ŌłÆ7	ŌłÆ19	ŌłÆ13	ŌłÆ30	ŌłÆ18	ŌłÆ61	ŌłÆ38	ŌłÆ126	ŌłÆ35	ŌłÆ117	ŌłÆ39	ŌłÆ153	371	136	125	110	167	116	88	676	488
134	134	LR	1304	70	1518	112	1342	154	1218	+3	+4	+5	+4	+15	+41	+17	+39	ŌłÆ15	ŌłÆ50	ŌłÆ12	ŌłÆ25	342	146	144	52	91	175	76	318	521
135	135	NA	1303	97	1428	136	1272	168	1117	+2	+3	0	ŌłÆ8	ŌłÆ23	ŌłÆ77	ŌłÆ22	ŌłÆ71	ŌłÆ9	ŌłÆ30	ŌłÆ21	ŌłÆ73	304	102	121	81	77	135	92	295	424
136	136	KG	1295	127	1332	155	1203	178	1095	ŌłÆ1	ŌłÆ10	ŌłÆ4	ŌłÆ18	ŌłÆ9	ŌłÆ37	+8	+13	+9	+39	+24	+83	192	49	74	69	55	105	32	208	337
137	137	MY	1293	58	1548	122	1290	185	1054	ŌłÆ5	ŌłÆ20	ŌłÆ5	ŌłÆ20	+2	+2	+9	+17	+20	+87	+38	+167	925	390	240	295	362	352	211	1512	1339
138	138	GY	1292	15	1525	104	1294	182	1043	+9	+17	+9	+17	+11	+29	+9	+19	+35	+153	+16	+71	455	179	193	83	142	223	90	588	788
139	139	LB	1288	78	1472	108	1333	164	1166	ŌłÆ14	ŌłÆ44	ŌłÆ14	ŌłÆ44	ŌłÆ11	ŌłÆ39	0	ŌłÆ9	ŌłÆ23	ŌłÆ75	ŌłÆ24	ŌłÆ80	421	140	144	137	123	186	112	507	621
139	139	LV	1288	41	1575	87	1399	155	1217	+4	+2	+5	+2	ŌłÆ4	ŌłÆ13	ŌłÆ7	ŌłÆ33	ŌłÆ1	+7	ŌłÆ51	ŌłÆ192	459	193	213	53	128	220	111	536	754
141	141	ET	1287	39	1639	99	1394	153	1238	+7	+23	+7	+23	+4	+8	+2	+3	ŌłÆ13	ŌłÆ39	ŌłÆ12	ŌłÆ13	474	216	163	95	171	199	104	657	691
142	142	NC	1286	50	1532	103	1357	176	1089	ŌłÆ2	ŌłÆ8	ŌłÆ1	ŌłÆ8	+1	+1	+15	+56	0	+20	ŌłÆ10	ŌłÆ10	285	87	71	127	141	110	34	739	419
143	143	TJ	1285	75	1504	123	1334	164	1195	ŌłÆ4	ŌłÆ12	ŌłÆ3	ŌłÆ12	ŌłÆ1	ŌłÆ3	ŌłÆ32	ŌłÆ96	ŌłÆ3	+15	+12	+65	212	57	84	71	80	86	46	305	297
143	143	BI	1285	85	1464	125	1285	168	1163	+8	+46	+8	+46	ŌłÆ5	ŌłÆ7	ŌłÆ1	ŌłÆ4	+3	+38	ŌłÆ22	ŌłÆ51	241	52	89	100	74	112	55	274	334
145	145	DO	1283	138	1295	167	1060	188	930	ŌłÆ4	ŌłÆ10	ŌłÆ3	ŌłÆ10	ŌłÆ4	ŌłÆ6	+15	+75	+17	+112	+14	+66	190	86	64	40	69	89	32	301	307
146	146	LT	1279	47	1662	92	1318	151	1050	0	+2	0	+2	ŌłÆ9	ŌłÆ15	ŌłÆ28	ŌłÆ77	ŌłÆ15	ŌłÆ40	ŌłÆ47	ŌłÆ164	418	170	207	41	106	230	82	415	759
147	147	MD	1270	65	1556	109	1390	165	1169	ŌłÆ5	ŌłÆ18	ŌłÆ4	ŌłÆ18	ŌłÆ13	ŌłÆ49	ŌłÆ27	ŌłÆ79	+7	+51	ŌłÆ29	ŌłÆ80	302	115	146	41	60	172	70	247	523
148	148	BW	1267	100	1438	150	1167	190	996	ŌłÆ4	ŌłÆ18	ŌłÆ14	ŌłÆ45	ŌłÆ27	ŌłÆ85	ŌłÆ21	ŌłÆ64	ŌłÆ15	ŌłÆ25	ŌłÆ17	ŌłÆ31	368	166	136	66	98	166	104	311	490
149	149	MT	1255	78	1435	118	1322	171	1155	ŌłÆ4	ŌłÆ23	ŌłÆ4	ŌłÆ23	+4	+5	+4	ŌłÆ1	+6	+37	+2	+24	456	246	183	27	66	314	76	298	1020
150	150	GW	1248	84	1415	126	1282	163	1178	0	+4	0	+4	ŌłÆ2	ŌłÆ16	ŌłÆ33	ŌłÆ112	ŌłÆ29	ŌłÆ103	ŌłÆ12	ŌłÆ35	215	66	64	85	58	104	53	215	320
151	151	CU	1239	21	1683	84	1438	161	1114	+2	+10	+2	+10	+4	+15	ŌłÆ11	ŌłÆ55	ŌłÆ10	ŌłÆ30	ŌłÆ24	ŌłÆ71	485	103	212	170	185	189	111	678	684
151	151	MW	1239	48	1590	115	1327	153	1093	ŌłÆ2	ŌłÆ13	ŌłÆ2	ŌłÆ13	0	ŌłÆ17	ŌłÆ13	ŌłÆ63	ŌłÆ26	ŌłÆ97	ŌłÆ25	ŌłÆ77	700	306	245	149	232	265	203	817	902
153	153	CF	1236	83	1417	124	1295	167	1177	ŌłÆ1	ŌłÆ2	ŌłÆ1	ŌłÆ2	ŌłÆ7	ŌłÆ42	ŌłÆ22	ŌłÆ88	ŌłÆ16	ŌłÆ47	ŌłÆ25	ŌłÆ65	164	32	67	65	36	94	34	181	326
154	154	GF	1223	71	1396	125	1246	172	1109	0	0	0	0	+2	0	ŌłÆ13	ŌłÆ67	ŌłÆ11	ŌłÆ40	ŌłÆ13	ŌłÆ53	190	66	67	57	57	92	41	280	328
155	155	YT	1216	149	1233	157	1202	174	1124	+1	0	+1	0	+4	0	+3	0	ŌłÆ2	ŌłÆ8	+2	ŌłÆ2	41	2	11	28	13	17	11	55	59
156	156	TM	1209	67	1547	117	1358	161	1205	ŌłÆ1	ŌłÆ8	ŌłÆ1	ŌłÆ8	ŌłÆ4	ŌłÆ42	+5	+4	ŌłÆ22	ŌłÆ82	ŌłÆ23	ŌłÆ83	187	42	76	69	71	82	34	288	281
157	157	CG	1207	33	1690	83	1470	159	1207	+1	0	+2	0	ŌłÆ1	ŌłÆ16	ŌłÆ8	ŌłÆ61	ŌłÆ41	ŌłÆ156	ŌłÆ61	ŌłÆ248	474	180	188	106	173	186	115	679	662
158	158	ER	1201	142	1246	164	1158	185	1056	+2	+26	+6	+62	+8	+62	+8	+62	+15	+62	+27	+127	86	20	28	38	17	50	19	61	137
159	159	LS	1198	125	1325	151	1179	179	1102	ŌłÆ3	ŌłÆ18	ŌłÆ3	ŌłÆ18	ŌłÆ1	ŌłÆ24	ŌłÆ10	ŌłÆ70	ŌłÆ12	ŌłÆ45	ŌłÆ3	ŌłÆ21	354	113	147	94	70	180	104	280	580
160	160	YE	1195	109	1367	144	1212	178	1078	+4	+44	+3	+44	+12	+74	+12	+93	+2	+24	+3	ŌłÆ13	295	56	87	152	66	173	56	304	573
161	161	PH	1179	27	1352	135	1069	220	681	+2	+23	+1	+23	+8	+46	+22	+143	+11	+38	ŌłÆ19	ŌłÆ89	397	110	127	160	99	238	60	432	1023
162	162	TI	1177	49	1591	103	1386	171	1137	ŌłÆ3	0	ŌłÆ2	0	ŌłÆ1	0	+1	+10	ŌłÆ2	ŌłÆ16	ŌłÆ10	ŌłÆ53	254	58	71	125	136	82	36	693	383
163	163	SW	1148	119	1347	153	1168	181	1062	ŌłÆ2	ŌłÆ26	ŌłÆ5	ŌłÆ62	ŌłÆ4	ŌłÆ68	ŌłÆ4	ŌłÆ67	+7	+1	ŌłÆ44	ŌłÆ199	324	123	131	70	71	158	95	297	542
164	164	VC	1141	58	1501	110	1322	185	1030	ŌłÆ2	ŌłÆ30	ŌłÆ3	ŌłÆ30	+3	+4	+15	+75	+6	ŌłÆ6	+14	+29	365	138	135	92	131	150	84	566	648
165	165	PG	1135	136	1223	165	1091	188	1017	+2	0	+1	0	+9	+31	+11	+56	+4	ŌłÆ15	+8	ŌłÆ1	165	30	43	92	54	80	31	352	356
165	165	PR	1135	100	1166	169	937	203	829	0	ŌłÆ2	+2	+1	+3	+1	0	ŌłÆ12	+19	+77	+19	+50	196	73	67	56	46	121	29	229	491
167	167	SG	1134	80	1415	134	1228	187	1041	+2	+3	+2	+3	+9	+52	+3	+23	+8	ŌłÆ2	+3	ŌłÆ25	772	322	185	265	242	373	157	1036	1396
168	168	IN	1128	24	1685	110	1341	186	1029	+2	+5	+2	+5	ŌłÆ3	ŌłÆ14	ŌłÆ6	ŌłÆ68	ŌłÆ10	ŌłÆ69	+15	+37	612	177	172	263	220	263	129	838	1001
169	169	BM	1117	91	1432	128	1284	177	1083	+3	ŌłÆ2	+3	ŌłÆ3	ŌłÆ7	ŌłÆ51	0	ŌłÆ7	ŌłÆ21	ŌłÆ125	ŌłÆ5	ŌłÆ89	236	106	82	48	79	112	45	375	417
169	169	VU	1117	111	1263	156	1104	191	960	+5	+4	+5	+4	+12	+72	+9	+47	ŌłÆ7	ŌłÆ54	ŌłÆ3	ŌłÆ70	227	54	51	122	71	124	32	404	485
171	171	SS	1109	163	1155	178	1087	188	1018	ŌłÆ3	ŌłÆ25	ŌłÆ4	ŌłÆ25	ŌłÆ2	ŌłÆ24	ŌłÆ3	ŌłÆ18	+11	+30	+5	ŌłÆ14	81	18	29	34	13	52	16	55	145
172	172	FJ	1104	78	1466	129	1246	175	1069	+3	ŌłÆ4	+3	ŌłÆ4	ŌłÆ18	ŌłÆ122	ŌłÆ20	ŌłÆ153	ŌłÆ21	ŌłÆ123	ŌłÆ25	ŌłÆ135	288	106	65	117	126	106	56	647	463
173	173	HK	1101	60	1533	123	1288	180	1058	ŌłÆ7	ŌłÆ35	ŌłÆ8	ŌłÆ35	ŌłÆ9	ŌłÆ47	+4	+30	ŌłÆ7	ŌłÆ61	ŌłÆ7	ŌłÆ86	514	183	152	179	178	234	102	816	873
174	174	GD	1098	46	1548	102	1370	186	1060	ŌłÆ2	ŌłÆ21	ŌłÆ3	ŌłÆ24	ŌłÆ1	ŌłÆ8	ŌłÆ1	+16	ŌłÆ6	ŌłÆ55	+3	ŌłÆ19	310	115	116	79	103	129	78	490	561
175	175	AD	1080	169	1130	182	1050	195	952	+4	ŌłÆ3	+4	ŌłÆ3	+2	+14	ŌłÆ4	ŌłÆ30	+11	+52	+18	+120	231	92	106	33	15	184	32	77	543
176	176	MU	1073	36	1634	108	1334	195	930	+1	ŌłÆ18	+1	ŌłÆ18	ŌłÆ1	ŌłÆ22	+7	+37	+13	+66	+4	ŌłÆ30	359	124	151	84	100	174	85	450	572
176	176	TD	1073	107	1318	135	1244	176	1073	ŌłÆ5	ŌłÆ47	ŌłÆ4	ŌłÆ47	ŌłÆ13	ŌłÆ78	ŌłÆ12	ŌłÆ80	ŌłÆ15	ŌłÆ107	ŌłÆ30	ŌłÆ180	182	45	59	78	35	105	42	165	340
176	176	BZ	1073	61	1201	139	1114	183	1034	0	ŌłÆ32	0	ŌłÆ32	+2	+15	+6	+31	+1	ŌłÆ52	ŌłÆ10	ŌłÆ114	129	44	44	41	32	74	23	138	245
179	179	SB	1054	110	1378	147	1183	179	1041	ŌłÆ1	ŌłÆ36	ŌłÆ1	ŌłÆ36	ŌłÆ8	ŌłÆ72	ŌłÆ23	ŌłÆ183	ŌłÆ12	ŌłÆ103	ŌłÆ7	ŌłÆ85	223	59	62	102	94	92	37	480	428
180	180	MF	1042	155	1120	187	983	214	755	+6	+39	+6	+39	+2	ŌłÆ1	+14	+102	+26	+189	+26	+178	86	18	36	32	33	44	9	136	191
181	181	ST	1035	153	1116	174	1056	190	985	ŌłÆ1	ŌłÆ21	ŌłÆ1	ŌłÆ21	+2	ŌłÆ3	0	ŌłÆ11	+2	ŌłÆ29	0	ŌłÆ66	82	24	36	22	11	60	11	59	213
182	182	KN	1030	88	1387	138	1174	186	1002	+2	+24	+2	+24	+3	+4	ŌłÆ7	ŌłÆ51	ŌłÆ24	ŌłÆ167	ŌłÆ52	ŌłÆ269	252	121	80	51	104	101	47	431	396
183	183	GI	1011	167	1151	178	1081	189	1002	ŌłÆ1	ŌłÆ6	ŌłÆ1	ŌłÆ6	ŌłÆ3	ŌłÆ35	ŌłÆ3	ŌłÆ45	ŌłÆ2	ŌłÆ76	ŌłÆ4	ŌłÆ99	118	41	49	28	18	85	15	70	344
184	184	JS	1005	184	1005	188	1004	190	995	+1	0	+1	0	+2	0	+2	0	+6	0	+3	0	2	0	0	2	1	0	1	4	3
185	185	LC	1003	67	1353	126	1240	192	977	ŌłÆ2	ŌłÆ5	ŌłÆ2	ŌłÆ5	ŌłÆ2	ŌłÆ35	ŌłÆ12	ŌłÆ79	0	ŌłÆ28	ŌłÆ3	ŌłÆ94	264	89	108	67	90	132	42	361	485
186	186	EH	996	186	996	189	996	192	996	+1	0	+1	0	+1	0	+2	0	+5	0	+2	0	1	0	1	0	0	1	0	0	6
187	187	MM	984	34	1675	125	1244	199	896	+5	+39	+5	+39	+3	+33	+10	+66	+1	ŌłÆ27	ŌłÆ1	ŌłÆ84	554	119	139	296	219	231	104	899	958
188	188	SO	979	132	1218	166	1072	207	835	+1	+18	+1	+18	+9	+68	+13	+84	+10	+71	+19	+135	150	10	48	92	15	112	23	78	375
189	189	AW	978	51	1444	125	1198	204	880	+2	+29	+2	+29	+7	+61	0	ŌłÆ13	+8	+68	+9	+62	208	83	81	44	52	112	44	298	471
190	190	SX	975	164	977	187	909	213	758	0	+19	0	+19	+3	+43	+13	+122	+23	+211	+14	+95	75	16	25	34	23	39	13	107	194
191	191	MS	972	116	1022	191	642	236	526	ŌłÆ3	0	ŌłÆ3	0	ŌłÆ3	0	ŌłÆ6	ŌłÆ43	+4	+25	+36	+328	74	15	26	33	18	48	8	76	235
192	192	AF	961	96	1166	167	920	210	778	ŌłÆ11	ŌłÆ74	ŌłÆ11	ŌłÆ74	ŌłÆ13	ŌłÆ96	ŌłÆ25	ŌłÆ169	ŌłÆ16	ŌłÆ174	ŌłÆ21	ŌłÆ192	168	8	67	93	38	92	38	153	340
193	193	GL	945	163	1035	185	974	197	945	ŌłÆ1	0	ŌłÆ1	0	ŌłÆ2	0	ŌłÆ1	0	ŌłÆ1	ŌłÆ17	ŌłÆ2	ŌłÆ17	22	2	7	13	5	16	1	35	50
194	194	BD	942	150	1115	181	980	210	796	0	+2	0	+2	+5	+35	+2	+18	+13	+93	+8	+58	327	92	97	138	88	166	73	300	584
195	195	DJ	940	105	942	178	872	215	748	+3	+25	+3	+25	ŌłÆ1	+11	ŌłÆ2	ŌłÆ2	+7	+39	+20	+190	121	28	40	53	11	99	11	83	424
196	196	DM	934	59	1330	132	1196	198	932	ŌłÆ1	ŌłÆ4	ŌłÆ1	ŌłÆ4	ŌłÆ7	ŌłÆ34	ŌłÆ10	ŌłÆ71	ŌłÆ9	ŌłÆ88	ŌłÆ2	ŌłÆ23	246	69	97	80	60	132	54	288	488
197	197	PK	909	69	1458	154	1101	209	788	+10	+79	+10	+79	+12	+94	+9	+83	+7	+30	ŌłÆ2	ŌłÆ43	287	63	97	127	66	170	51	279	642
198	198	MC	903	193	909	199	900	202	890	+1	0	+1	0	+3	0	+1	0	+3	0	+1	ŌłÆ6	9	0	1	8	4	2	3	11	15
199	199	BB	898	53	1406	121	1243	200	898	ŌłÆ3	ŌłÆ23	ŌłÆ3	ŌłÆ23	ŌłÆ7	ŌłÆ40	ŌłÆ4	ŌłÆ32	ŌłÆ21	ŌłÆ215	ŌłÆ25	ŌłÆ236	375	168	132	75	117	162	96	492	616
200	200	AG	895	102	1319	145	1178	201	895	+1	0	+1	0	ŌłÆ2	ŌłÆ14	ŌłÆ10	ŌłÆ92	ŌłÆ35	ŌłÆ268	ŌłÆ47	ŌłÆ333	285	116	101	68	95	136	54	394	491
200	200	LI	895	143	1242	167	1113	201	895	0	ŌłÆ5	0	ŌłÆ5	0	ŌłÆ10	ŌłÆ9	ŌłÆ72	ŌłÆ20	ŌłÆ197	ŌłÆ35	ŌłÆ297	259	115	125	19	19	208	32	104	726
202	202	NP	893	167	1008	190	889	209	729	ŌłÆ5	ŌłÆ26	ŌłÆ5	ŌłÆ26	ŌłÆ7	ŌłÆ33	ŌłÆ4	ŌłÆ12	ŌłÆ6	ŌłÆ48	ŌłÆ2	ŌłÆ11	295	74	91	130	68	174	53	247	665
203	203	KH	871	93	1391	157	1058	221	677	0	+27	0	+27	+4	+36	+2	+28	+5	+33	+7	+101	318	82	93	143	73	200	45	367	816
204	204	SC	853	157	1123	182	987	205	842	0	+11	0	+11	ŌłÆ1	+2	0	+7	ŌłÆ4	ŌłÆ54	ŌłÆ13	ŌłÆ109	190	51	58	81	26	131	33	144	425
205	205	LK	836	77	1045	161	933	227	648	+5	+53	+5	+53	+5	+54	+13	+142	+21	+172	+7	+76	285	70	89	126	58	177	50	278	693
206	206	SM	825	165	1015	195	917	212	770	0	ŌłÆ8	0	ŌłÆ8	ŌłÆ2	ŌłÆ20	+6	+52	+3	ŌłÆ2	ŌłÆ3	ŌłÆ58	228	110	110	8	3	213	12	44	895
207	207	TW	822	15	1767	144	1169	213	760	ŌłÆ5	ŌłÆ44	ŌłÆ5	ŌłÆ44	ŌłÆ5	ŌłÆ59	ŌłÆ7	ŌłÆ78	ŌłÆ9	ŌłÆ86	+5	+62	339	96	109	134	96	191	52	465	788
208	208	BQ	817	81	1130	150	1036	208	817	0	ŌłÆ6	0	ŌłÆ6	ŌłÆ2	ŌłÆ19	ŌłÆ2	ŌłÆ9	ŌłÆ15	ŌłÆ141	ŌłÆ19	ŌłÆ173	104	19	52	33	24	68	12	116	257
209	209	MV	801	162	1174	191	885	210	712	ŌłÆ4	ŌłÆ40	ŌłÆ4	ŌłÆ40	ŌłÆ4	ŌłÆ41	ŌłÆ7	ŌłÆ82	ŌłÆ15	ŌłÆ152	ŌłÆ12	ŌłÆ135	241	65	82	94	67	135	39	289	538
210	210	KY	800	153	1140	183	1000	210	795	ŌłÆ1	ŌłÆ6	ŌłÆ1	ŌłÆ6	ŌłÆ2	ŌłÆ20	ŌłÆ2	ŌłÆ24	ŌłÆ7	ŌłÆ91	ŌłÆ14	ŌłÆ146	129	60	39	30	26	78	25	125	313
211	211	HG	782	208	805	211	783	213	773	0	0	0	0	ŌłÆ1	0	0	0	ŌłÆ1	+9	ŌłÆ3	ŌłÆ13	4	0	0	4	1	2	1	8	10
212	212	TV	756	179	819	204	745	218	719	0	0	0	0	+1	0	+2	0	+3	+19	+4	+31	34	0	4	30	9	21	4	47	182
213	213	VG	743	173	932	207	788	232	590	+8	+50	+8	+50	+15	+116	+14	+93	+18	+142	+18	+139	139	35	63	41	24	91	24	129	402
214	214	EU	737	211	757	213	753	215	711	ŌłÆ1	0	ŌłÆ1	0	0	0	ŌłÆ1	ŌłÆ20	0	ŌłÆ20	0	ŌłÆ20	11	3	8	0	5	2	4	33	30
215	215	LA	734	144	1016	186	895	227	646	+4	+26	+4	+26	+3	+18	+10	+66	+5	+41	ŌłÆ7	ŌłÆ61	235	49	69	117	43	157	35	235	739
215	215	TL	734	215	742	226	630	236	531	+9	+54	+9	+54	+8	+45	+16	+123	+13	+92	+3	+20	92	5	47	40	13	72	7	86	285
217	217	WS	728	183	744	211	659	226	601	ŌłÆ2	0	ŌłÆ2	0	ŌłÆ1	0	ŌłÆ2	0	+6	+51	+4	+38	77	28	15	34	23	50	4	109	279
218	218	MN	726	147	897	190	842	227	650	ŌłÆ4	ŌłÆ4	ŌłÆ4	ŌłÆ4	ŌłÆ3	ŌłÆ4	ŌłÆ8	ŌłÆ66	ŌłÆ6	ŌłÆ43	+7	+51	102	22	39	41	21	70	11	100	288
219	219	BL	725	215	730	217	706	221	694	ŌłÆ3	0	ŌłÆ3	0	ŌłÆ2	0	ŌłÆ3	0	ŌłÆ2	+12	+1	+31	10	7	3	0	4	5	1	25	29
220	220	GU	706	179	895	207	694	232	531	ŌłÆ2	ŌłÆ5	ŌłÆ2	ŌłÆ8	ŌłÆ1	ŌłÆ8	+2	+24	ŌłÆ4	ŌłÆ22	ŌłÆ15	ŌłÆ166	132	25	44	63	31	88	13	169	592
221	221	WF	699	169	734	201	699	221	674	ŌłÆ1	0	ŌłÆ1	0	ŌłÆ1	0	ŌłÆ4	0	ŌłÆ3	0	ŌłÆ2	0	24	0	5	19	5	19	0	23	109
222	222	VA	692	212	705	218	697	223	686	0	0	0	0	ŌłÆ1	0	ŌłÆ3	0	ŌłÆ1	0	0	+6	5	0	0	5	0	3	2	1	6
223	223	AB	691	216	701	223	675	227	671	0	0	0	0	ŌłÆ1	0	+1	+20	+2	+20	+3	+20	8	5	3	0	2	4	2	25	26
224	224	BS	685	157	940	190	872	224	685	ŌłÆ7	ŌłÆ34	ŌłÆ7	ŌłÆ34	ŌłÆ14	ŌłÆ97	ŌłÆ15	ŌłÆ124	ŌłÆ19	ŌłÆ185	ŌłÆ23	ŌłÆ215	90	30	32	28	17	62	11	90	291
225	225	PM	677	218	698	223	678	226	677	0	0	0	0	ŌłÆ1	0	ŌłÆ2	0	ŌłÆ2	0	ŌłÆ1	0	7	0	0	7	0	7	0	2	78
226	226	TC	657	205	830	211	765	230	631	0	0	0	0	0	+9	ŌłÆ6	ŌłÆ29	ŌłÆ15	ŌłÆ114	ŌłÆ15	ŌłÆ104	56	16	22	18	13	37	6	54	197
227	227	AI	646	196	672	224	557	237	497	+1	+1	+1	+1	+4	+30	+6	+48	+9	+91	+10	+94	117	31	50	36	16	87	14	74	413
228	228	TE	629	177	691	208	665	231	629	+1	0	+1	0	ŌłÆ1	0	+1	0	+1	0	0	ŌłÆ1	10	0	3	7	0	9	1	8	38
229	229	VI	628	210	748	219	685	233	587	0	ŌłÆ1	+2	+10	+4	+41	+1	+10	ŌłÆ2	ŌłÆ31	ŌłÆ12	ŌłÆ94	81	27	35	19	10	58	13	55	300
230	230	BT	623	185	694	219	600	238	527	+2	+8	+2	+8	ŌłÆ1	+1	+1	+12	+4	+55	+6	+67	117	20	40	57	12	97	8	68	423
231	231	CK	622	175	738	206	681	232	622	0	0	ŌłÆ1	0	ŌłÆ2	0	ŌłÆ10	ŌłÆ62	ŌłÆ9	ŌłÆ64	ŌłÆ9	ŌłÆ64	56	4	14	38	13	39	4	50	276
232	232	MO	589	103	1098	175	945	233	589	+1	ŌłÆ7	+1	ŌłÆ7	0	ŌłÆ7	ŌłÆ6	ŌłÆ78	ŌłÆ14	ŌłÆ110	ŌłÆ3	ŌłÆ35	161	51	50	60	24	120	17	141	490
233	233	CX	578	219	614	228	577	235	513	+1	0	+1	0	+1	0	+1	0	0	0	0	0	10	6	4	0	7	2	1	29	8
234	234	BN	572	168	952	201	778	234	572	ŌłÆ7	ŌłÆ83	ŌłÆ7	ŌłÆ83	ŌłÆ9	ŌłÆ98	ŌłÆ6	ŌłÆ71	ŌłÆ4	ŌłÆ52	ŌłÆ4	ŌłÆ35	153	30	42	81	27	113	13	120	491
235	235	FK	571	223	593	229	585	235	571	0	0	0	0	0	0	0	0	ŌłÆ3	ŌłÆ9	ŌłÆ3	ŌłÆ9	4	0	1	3	0	4	0	0	25
236	236	FM	564	219	618	231	572	237	564	0	0	0	0	0	0	0	0	ŌłÆ1	0	ŌłÆ2	0	8	1	3	4	1	7	0	8	64
237	237	MH	559	235	571	237	559	237	559	0	0	0	0	ŌłÆ	ŌłÆ	ŌłÆ	ŌłÆ	ŌłÆ	ŌłÆ	ŌłÆ	ŌłÆ	2	0	0	2	0	2	0	2	7
238	238	KI	544	188	599	219	578	238	544	0	0	0	0	ŌłÆ1	0	ŌłÆ1	0	ŌłÆ1	0	0	0	11	0	2	9	0	10	1	7	126
239	239	TO	520	181	727	213	651	239	480	0	0	0	0	ŌłÆ1	0	0	+40	ŌłÆ1	ŌłÆ7	ŌłÆ4	ŌłÆ42	70	10	15	45	16	48	6	82	265
240	240	NU	496	194	500	225	496	240	496	0	0	0	0	ŌłÆ1	0	ŌłÆ2	0	ŌłÆ1	0	ŌłÆ1	0	2	0	0	2	0	2	0	0	33
241	241	MP	432	214	682	233	512	243	396	0	0	0	0	ŌłÆ1	0	ŌłÆ1	ŌłÆ20	+1	+22	ŌłÆ1	ŌłÆ31	36	7	11	18	5	28	3	43	153
242	242	CC	422	222	487	235	423	242	386	0	0	0	0	ŌłÆ1	0	ŌłÆ1	0	ŌłÆ1	0	0	0	10	4	6	0	2	7	1	8	29
243	243	PW	402	225	442	237	402	243	402	0	0	0	0	ŌłÆ1	0	ŌłÆ1	0	0	0	0	0	2	2	0	0	0	2	0	3	27
244	244	AS	369	190	628	226	467	244	334	0	ŌłÆ8	0	ŌłÆ19	ŌłÆ1	ŌłÆ19	ŌłÆ1	ŌłÆ7	ŌłÆ4	ŌłÆ102	ŌłÆ3	ŌłÆ93	59	0	15	44	5	52	2	36	385